
<!--  
这个为菜单列表，注意编辑的格式!例如：
<phone id="手机概览,overview">手机外观</phone>
1、手机概览：一级标题名称
2、overview：这个为assets下的各个模块文件夹的名称，记住这个值一定要与文件夹的名称对应，不然链接会出错
3、手机外观：二级标题名称
4、手机概览与overview之间的逗号为英文状态下的，请注意
5、各个模块文件夹的html文件一定要按照顺序来命名，即XXX_1到XXX_n来命名，中间不能有断续
--><phones>
<phone id="Pregled in hitri začetek,overview">Predstavitev zunanjosti telefona</phone>
<phone id="Pregled in hitri začetek,overview">Namestitev in priprava</phone>
<phone id="Pregled in hitri začetek,overview">Ikone in obvestila v vrstici stanja</phone>
<phone id="Pregled in hitri začetek,overview">O začetnem zaslonu</phone>

<phone id="Aplikacije na začetnem zaslonu,desktop">iManager</phone>
<phone id="Aplikacije na začetnem zaslonu,desktop">Kamera</phone>
<phone id="Aplikacije na začetnem zaslonu,desktop">Albumi</phone>
<phone id="Aplikacije na začetnem zaslonu,desktop">Računalo</phone>
<phone id="Aplikacije na začetnem zaslonu,desktop">Snemalnik</phone>
<phone id="Aplikacije na začetnem zaslonu,desktop">Ura</phone>
<phone id="Aplikacije na začetnem zaslonu,desktop">Kompas</phone>
<phone id="Aplikacije na začetnem zaslonu,desktop">vivo.com</phone>
<phone id="Aplikacije na začetnem zaslonu,desktop">Glasba</phone>
<phone id="Aplikacije na začetnem zaslonu,desktop">Vreme</phone>
<phone id="Aplikacije na začetnem zaslonu,desktop">EasyShare</phone>
<phone id="Aplikacije na začetnem zaslonu,desktop">Beležke</phone>
<phone id="Aplikacije na začetnem zaslonu,desktop">Googlove aplikacije</phone>

<phone id="Nastavitve,settings">Omrežje in internet</phone>
<phone id="Nastavitve,settings">Bluetooth in naprave</phone>
<phone id="Nastavitve,settings">Zaslon in svetlost</phone>
<phone id="Nastavitve,settings">Zaklenjen zaslon in ozadje</phone>
<phone id="Nastavitve,settings">Dinamični učinki</phone>
<phone id="Nastavitve,settings">Zvok</phone>
<phone id="Nastavitve,settings">Aplikacije</phone>
<phone id="Nastavitve,settings">Baterija</phone>
<phone id="Nastavitve,settings">RAM in prostor za shranjevanje</phone>
<phone id="Nastavitve,settings">Varnost</phone>
<phone id="Nastavitve,settings">Zasebnost</phone>
<phone id="Nastavitve,settings">Lokacija</phone>
<phone id="Nastavitve,settings">Ultra način igre</phone>
<phone id="Nastavitve,settings">Bližnjice in dostopnost</phone>
<phone id="Nastavitve,settings">Digitalna dobrobit in starševski nadzor</phone>
<phone id="Nastavitve,settings">Google</phone>
<phone id="Nastavitve,settings">Računi</phone>
<phone id="Nastavitve,settings">Sistem</phone>
<phone id="Nastavitve,settings">O telefonu</phone>
<phone id="Nastavitve,settings" skip="usbdebug">Možnosti za razvijalce</phone>
<phone id="Nastavitve,settings">Posodobitev sistema</phone>
<phone id="Nastavitve,settings" skip="appclone" check="appclone">Kloniranje aplikacije</phone>
<phone id="Nastavitve,settings" check="multiuser">Več uporabnikov</phone>
<phone id="Nastavitve,settings">Obvestilo</phone>

<phone id="Vzdrževanje naprave,maintain">O vzdrževanju</phone>
<phone id="Vzdrževanje naprave,maintain">Telefon in dodatki</phone>
<phone id="Vzdrževanje naprave,maintain">Pomoč</phone>
<phone id="Vzdrževanje naprave,maintain">Podprte oblike zapisa datoteke</phone>
<phone id="Vzdrževanje naprave,maintain" skip="usbhelp">Navodila za priključitev v vrata USB</phone>
</phones>