<!--  
这个为菜单列表，注意编辑的格式!例如：
<phone id="手机概览,overview">手机外观</phone>
1、手机概览：一级标题名称
2、overview：这个为assets下的各个模块文件夹的名称，记住这个值一定要与文件夹的名称对应，不然链接会出错
3、手机外观：二级标题名称
4、手机概览与overview之间的逗号为英文状态下的，请注意
5、各个模块文件夹的html文件一定要按照顺序来命名，即XXX_1到XXX_n来命名，中间不能有断续
-->
<phones>
<phone id="Prezentare generală și Ghid de pornire rapidă,overview">Prezentarea exteriorului telefonului</phone>
<phone id="Prezentare generală și Ghid de pornire rapidă,overview">Instalare și pregătire</phone>
<phone id="Prezentare generală și Ghid de pornire rapidă,overview">Pictogramele și notificările din bara de stare</phone>
<phone id="Prezentare generală și Ghid de pornire rapidă,overview">Prezentarea ecranului de pornire</phone>

<phone id="Aplicații desktop,desktop">iManager</phone>
<phone id="Aplicații desktop,desktop">Cameră foto</phone>
<phone id="Aplicații desktop,desktop">Albume</phone>
<phone id="Aplicații desktop,desktop">Calculator</phone>
<phone id="Aplicații desktop,desktop">Înregistrare sunet</phone>
<phone id="Aplicații desktop,desktop">Ceas</phone>
<phone id="Aplicații desktop,desktop">Busolă</phone>
<phone id="Aplicații desktop,desktop">vivo.com</phone>
<phone id="Aplicații desktop,desktop">Muzică</phone>
<phone id="Aplicații desktop,desktop">Meteo</phone>
<phone id="Aplicații desktop,desktop">EasyShare</phone>
<phone id="Aplicații desktop,desktop">Note</phone>
<phone id="Aplicații desktop,desktop">Aplicații Google</phone>

<phone id="Setări,settings">Rețea și internet</phone>
<phone id="Setări,settings">Bluetooth și dispozitive</phone>
<phone id="Setări,settings">Afișaj și luminozitate</phone>
<phone id="Setări,settings">Ecran de blocare și imagine de fundal</phone>
<phone id="Setări,settings">Efecte dinamice</phone>
<phone id="Setări,settings">Sunet</phone>
<phone id="Setări,settings">Aplicații</phone>
<phone id="Setări,settings">Baterie</phone>
<phone id="Setări,settings">RAM și spațiu de stocare</phone>
<phone id="Setări,settings">Securitate</phone>
<phone id="Setări,settings">Confidențialitate</phone>
<phone id="Setări,settings">Locație</phone>
<phone id="Setări,settings">Mod de joc Ultra</phone>
<phone id="Setări,settings">Comenzi rapide și accesibilitate</phone>
<phone id="Setări,settings">Bunăstare digitală și control parental</phone>
<phone id="Setări,settings">Google</phone>
<phone id="Setări,settings">Conturi</phone>
<phone id="Setări,settings">Sistem</phone>
<phone id="Setări,settings">Despre telefon</phone>
<phone id="Setări,settings" skip="usbdebug">Opțiuni dezvoltator</phone>
<phone id="Setări,settings">Actualizare de sistem</phone>
<phone id="Setări,settings" skip="appclone" check="appclone">Clonă aplicație</phone>
<phone id="Setări,settings" check="multiuser">Utilizatori multipli</phone>
<phone id="Setări,settings">Notificări</phone>

<phone id="Întreținere și service,maintain">Despre întreținere</phone>
<phone id="Întreținere și service,maintain">Telefonul și accesoriile</phone>
<phone id="Întreținere și service,maintain">Ajutor</phone>
<phone id="Întreținere și service,maintain">Formate de fișiere acceptate</phone>
<phone id="Întreținere și service,maintain" skip="usbhelp">Instrucțiuni privind conectarea prin USB</phone>
</phones>