<!--
这个为菜单列表，注意编辑的格式!例如：
<phone id="手机概览,overview">手机外观</phone>
1、手机概览：一级标题名称
2、overview：这个为assets下的各个模块文件夹的名称，记住这个值一定要与文件夹的名称对应，不然链接会出错
3、手机外观：二级标题名称
4、手机概览与overview之间的逗号为英文状态下的，请注意
5、各个模块文件夹的html文件一定要按照顺序来命名，即XXX_1到XXX_n来命名，中间不能有断续
-->
<phones>
<phone id="Muhtasari na Mwanzo wa Upesi,overview">Utangulizi kuhusu sehemu ya nje ya simu</phone>
<phone id="Muhtasari na Mwanzo wa Upesi,overview">Kusakinisha na Kuandaa</phone>
<phone id="Muhtasari na Mwanzo wa Upesi,overview">Aikoni za upau wa hali na arifa</phone>
<phone id="Muhtasari na Mwanzo wa Upesi,overview">Kuhusu skrini ya mwanzo</phone>

<phone id="Programu za skrini ya mwanzo,desktop">iManager</phone>
<phone id="Programu za skrini ya mwanzo,desktop">Kamera</phone>
<phone id="Programu za skrini ya mwanzo,desktop">Albamu</phone>
<phone id="Programu za skrini ya mwanzo,desktop">Kikokotoo</phone>
<phone id="Programu za skrini ya mwanzo,desktop">Rekoda</phone>
<phone id="Programu za skrini ya mwanzo,desktop">Saa</phone>
<phone id="Programu za skrini ya mwanzo,desktop">Dira</phone>
<phone id="Programu za skrini ya mwanzo,desktop">vivo.com</phone>
<phone id="Programu za skrini ya mwanzo,desktop">Muziki</phone>
<phone id="Programu za skrini ya mwanzo,desktop">Hali ya Hewa</phone>
<phone id="Programu za skrini ya mwanzo,desktop">EasyShare</phone>
<phone id="Programu za skrini ya mwanzo,desktop">Madokezo</phone>
<phone id="Programu za skrini ya mwanzo,desktop">Programu za Google</phone>

<phone id="Mipangilio,settings">Mtandao na Intaneti</phone>
<phone id="Mipangilio,settings">Bluetooth na vifaa</phone>
<phone id="Mipangilio,settings">Onyesho na Mwangaza</phone>
<phone id="Mipangilio,settings">Kifunga skrini na mandhari</phone>
<phone id="Mipangilio,settings">Athari Zinazobadilika</phone>
<phone id="Mipangilio,settings">Sauti</phone>
<phone id="Mipangilio,settings">Programu</phone>
<phone id="Mipangilio,settings">Betri</phone>
<phone id="Mipangilio,settings">RAM na nafasi ya hifadhi</phone>
<phone id="Mipangilio,settings">Usalama</phone>
<phone id="Mipangilio,settings">Faragha</phone>
<phone id="Mipangilio,settings">Eneo</phone>
<phone id="Mipangilio,settings">Hali ya Michezo Sana</phone>
<phone id="Mipangilio,settings">Ufikiaji na Njia za mkato</phone>
<phone id="Mipangilio,settings">Nidhamu Dijitali na Vidhibiti vya wazazi</phone>
<phone id="Mipangilio,settings">Google</phone>
<phone id="Mipangilio,settings">Akaunti</phone>
<phone id="Mipangilio,settings">Mfumo</phone>
<phone id="Mipangilio,settings">Kuhusu simu</phone>
<phone id="Mipangilio,settings" skip="usbdebug">Machaguo ya msanidi</phone>
<phone id="Mipangilio,settings">Sasisho la mfumo</phone>
<phone id="Mipangilio,settings" skip="appclone" check="appclone">Kloni ya programu</phone>
<phone id="Mipangilio,settings" check="multiuser">Watumiaji wengi</phone>
<phone id="Mipangilio,settings">Arifa</phone>

<phone id="Utunzaji na matengenezo,maintain">Kuhusu muundaji</phone>
<phone id="Utunzaji na matengenezo,maintain">Simu na vifaa vya ziada</phone>
<phone id="Utunzaji na matengenezo,maintain">Msaada</phone>
<phone id="Utunzaji na matengenezo,maintain">Maumbizo yanayosaidika ya faili</phone>
<phone id="Utunzaji na matengenezo,maintain" skip="usbhelp">Maagizo ya kuunganisha kwa USB</phone>
</phones>