<!--  
这个为菜单列表，注意编辑的格式!例如：
<phone id="手机概览,overview">手机外观</phone>
1、手机概览：一级标题名称
2、overview：这个为assets下的各个模块文件夹的名称，记住这个值一定要与文件夹的名称对应，不然链接会出错
3、手机外观：二级标题名称
4、手机概览与overview之间的逗号为英文状态下的，请注意
5、各个模块文件夹的html文件一定要按照顺序来命名，即XXX_1到XXX_n来命名，中间不能有断续
-->
<phones>
<phone id="手机概览与快速入门,overview">手机外观简介</phone>
<phone id="手机概览与快速入门,overview">安装与准备</phone>
<phone id="手机概览与快速入门,overview">状态栏图标和通知</phone>
<phone id="手机概览与快速入门,overview">主屏幕简介</phone>

<phone id="桌面应用,desktop">i管家</phone>
<phone id="桌面应用,desktop">相机</phone>
<phone id="桌面应用,desktop">相册</phone>
<phone id="桌面应用,desktop">计算器</phone>
<phone id="桌面应用,desktop">录音机</phone>
<phone id="桌面应用,desktop">时钟</phone>
<phone id="桌面应用,desktop">指南针</phone>
<phone id="桌面应用,desktop">vivo.com</phone>
<phone id="桌面应用,desktop">i音乐</phone>
<phone id="桌面应用,desktop">天气</phone>
<phone id="桌面应用,desktop">互传</phone>
<phone id="桌面应用,desktop">便签</phone>
<phone id="桌面应用,desktop">Google类应用</phone>

<phone id="设置,settings">网络与互联网</phone>
<phone id="设置,settings">蓝牙与设备连接</phone>
<phone id="设置,settings">显示与亮度</phone>
<phone id="设置,settings">锁屏与壁纸</phone>
<phone id="设置,settings">动态效果</phone>
<phone id="设置,settings">声音</phone>
<phone id="设置,settings">应用</phone>
<phone id="设置,settings">电池</phone>
<phone id="设置,settings">运存与存储空间</phone>
<phone id="设置,settings">安全</phone>
<phone id="设置,settings">隐私</phone>
<phone id="设置,settings">定位服务</phone>
<phone id="设置,settings">游戏魔盒</phone>
<phone id="设置,settings">快捷与辅助</phone>
<phone id="设置,settings">数字健康与家长控制</phone>
<phone id="设置,settings">Google</phone>
<phone id="设置,settings">帐号</phone>
<phone id="设置,settings">系统</phone>
<phone id="设置,settings">关于手机</phone>
<phone id="设置,settings" skip="usbdebug">开发者选项</phone>
<phone id="设置,settings">系统升级</phone>
<phone id="设置,settings" skip="appclone" check="appclone">应用分身</phone>
<phone id="设置,settings" check="multiuser">多用户</phone>
<phone id="设置,settings">通知</phone>

<phone id="手机维护与保养,maintain">关于维护与保养</phone>
<phone id="手机维护与保养,maintain">手机及配件</phone>
<phone id="手机维护与保养,maintain">帮助</phone>
<phone id="手机维护与保养,maintain">支持的文件格式</phone>
<phone id="手机维护与保养,maintain" skip="usbhelp">USB连接说明</phone>
</phones>