
<!--  
这个为菜单列表，注意编辑的格式!例如：
<phone id="手机概览,overview">手机外观</phone>
1、手机概览：一级标题名称
2、overview：这个为assets下的各个模块文件夹的名称，记住这个值一定要与文件夹的名称对应，不然链接会出错
3、手机外观：二级标题名称
4、手机概览与overview之间的逗号为英文状态下的，请注意
5、各个模块文件夹的html文件一定要按照顺序来命名，即XXX_1到XXX_n来命名，中间不能有断续
--><phones>
<phone id="Visão geral e Início rápido,overview">Introdução ao exterior do telefone</phone>
<phone id="Visão geral e Início rápido,overview">Instalação e Preparação</phone>
<phone id="Visão geral e Início rápido,overview">Ícones da barra de estado e notificações</phone>
<phone id="Visão geral e Início rápido,overview">Acerca do ecrã principal</phone>

<phone id="Aplicações do ecrã principal,desktop">iManager</phone>
<phone id="Aplicações do ecrã principal,desktop">Câmara</phone>
<phone id="Aplicações do ecrã principal,desktop">Álbuns</phone>
<phone id="Aplicações do ecrã principal,desktop">Calculadora</phone>
<phone id="Aplicações do ecrã principal,desktop">Gravador</phone>
<phone id="Aplicações do ecrã principal,desktop">Relógio</phone>
<phone id="Aplicações do ecrã principal,desktop">Bússola</phone>
<phone id="Aplicações do ecrã principal,desktop">vivo.com</phone>
<phone id="Aplicações do ecrã principal,desktop">Música</phone>
<phone id="Aplicações do ecrã principal,desktop">Meteorologia</phone>
<phone id="Aplicações do ecrã principal,desktop">EasyShare</phone>
<phone id="Aplicações do ecrã principal,desktop">Notas</phone>
<phone id="Aplicações do ecrã principal,desktop">Aplicações Google</phone>

<phone id="Definições,settings">Rede e Internet</phone>
<phone id="Definições,settings">Bluetooth e dispositivos</phone>
<phone id="Definições,settings">Ecrã e luminosidade</phone>
<phone id="Definições,settings">Imagem de fundo e ecrã de bloqueio</phone>
<phone id="Definições,settings">Efeitos dinâmicos</phone>
<phone id="Definições,settings">Som</phone>
<phone id="Definições,settings">Aplicações</phone>
<phone id="Definições,settings">Bateria</phone>
<phone id="Definições,settings">RAM e espaço de armazenamento</phone>
<phone id="Definições,settings">Segurança</phone>
<phone id="Definições,settings">Privacidade</phone>
<phone id="Definições,settings">Localização</phone>
<phone id="Definições,settings">Modo Ultra Jogo</phone>
<phone id="Definições,settings">Atalhos e acessibilidade</phone>
<phone id="Definições,settings">Bem-estar digital e controlo parental</phone>
<phone id="Definições,settings">Google</phone>
<phone id="Definições,settings">Contas</phone>
<phone id="Definições,settings">Sistema</phone>
<phone id="Definições,settings">Acerca do telefone</phone>
<phone id="Definições,settings" skip="usbdebug">Opções de programador</phone>
<phone id="Definições,settings">Atualização do sistema</phone>
<phone id="Definições,settings" skip="appclone" check="appclone">Clonagem de aplicações</phone>
<phone id="Definições,settings" check="multiuser">Vários utilizadores</phone>
<phone id="Definições,settings">Notificação</phone>

<phone id="Manutenção do dispositivo,maintain">Acerca da manutenção</phone>
<phone id="Manutenção do dispositivo,maintain">Telefone e acessórios</phone>
<phone id="Manutenção do dispositivo,maintain">Ajuda</phone>
<phone id="Manutenção do dispositivo,maintain">Formatos de ficheiro suportados</phone>
<phone id="Manutenção do dispositivo,maintain" skip="usbhelp">Instruções para ligação a USB</phone>
</phones>